# Time[s], Amplitude[v]
0.000000000000000000e+00,-4.211999862491211134e-07
4.999999999999999774e-07,3.860999891003302679e-07
9.999999999999999547e-07,-7.019999884505523051e-08
1.500000000000000038e-06,-1.614599966615060112e-06
1.999999999999999909e-06,-1.825199894938123239e-06
2.500000000000000205e-06,-3.159000152663793330e-07
3.000000000000000076e-06,-2.807999703691166529e-07
3.499999999999999947e-06,-4.211999726067006271e-07
3.999999999999999819e-06,1.123199976973410281e-06
4.500000000000000114e-06,1.930499947775388255e-06
5.000000000000000409e-06,-4.092726157978176919e-14
5.499999999999999857e-06,-8.775000151217682033e-07
6.000000000000000152e-06,1.158299985490884856e-06
6.499999999999999600e-06,2.597399939077149662e-06
6.999999999999999895e-06,9.827998951550399335e-07
7.500000000000000190e-06,-2.457000118738506159e-07
7.999999999999999638e-06,1.544399992781109177e-06
8.499999999999999933e-06,3.966299871080991274e-06
9.000000000000000228e-06,2.843099955498473685e-06
9.500000000000000523e-06,7.370999514932919082e-07
1.000000000000000082e-05,1.754999561853764981e-07
1.049999999999999942e-05,1.860299964846490082e-06
1.099999999999999971e-05,2.632499920309783158e-06
1.150000000000000001e-05,1.509299963800003845e-06
1.200000000000000030e-05,1.052999982675828458e-07
1.250000000000000060e-05,-9.476999389335106000e-07
1.299999999999999920e-05,-2.807999794640636791e-07
1.349999999999999949e-05,4.211999930703313831e-07
1.399999999999999979e-05,-7.370999264821875332e-07
1.450000000000000009e-05,-1.684799967733852125e-06
1.500000000000000038e-05,-3.510000124151701785e-07
1.550000000000000068e-05,1.895399980185174980e-06
1.599999999999999928e-05,2.070899943191761748e-06
1.650000000000000127e-05,9.827999679146159313e-07
1.699999999999999987e-05,3.509999942252761526e-08
1.749999999999999847e-05,-1.088099952539778357e-06
1.800000000000000046e-05,-2.456999948208249576e-06
1.849999999999999906e-05,-2.000699923883075894e-06
1.900000000000000105e-05,7.019995337032013922e-08
1.949999999999999965e-05,-2.106000215462699871e-07
2.000000000000000164e-05,-2.141099907930765868e-06
2.050000000000000024e-05,-2.000699967084074109e-06
2.099999999999999884e-05,-6.317999714156031016e-07
2.150000000000000083e-05,-3.509999760353821266e-07
2.199999999999999943e-05,-9.125999531534034844e-07
2.250000000000000142e-05,-1.228499963872309410e-06
2.300000000000000002e-05,-1.158299962753517397e-06
2.349999999999999862e-05,-8.423999724982422268e-07
2.400000000000000061e-05,9.476999389335106000e-07
2.449999999999999921e-05,4.457699915292323262e-06
2.500000000000000120e-05,5.791499818315060179e-06
2.549999999999999980e-05,2.913299865667795648e-06
2.599999999999999840e-05,-1.123199940593622176e-06
2.650000000000000039e-05,-1.754999955210223493e-06
2.699999999999999899e-05,4.913999669042823709e-07
2.750000000000000098e-05,2.035799930126813554e-06
2.799999999999999958e-05,1.614599950698902763e-06
2.850000000000000157e-05,1.754999789227440371e-07
2.900000000000000017e-05,-1.123199951962305906e-06
2.949999999999999877e-05,-8.072999912656087301e-07
3.000000000000000076e-05,-1.755000039338483592e-07
3.049999999999999936e-05,-4.913999737254925876e-07
3.100000000000000135e-05,-5.966999788142856634e-07
3.149999999999999995e-05,7.020000566626550016e-08
3.199999999999999855e-05,7.019999748081318187e-07
3.249999999999999715e-05,6.668999867542879995e-07
3.300000000000000253e-05,5.615999475594435226e-07
3.350000000000000113e-05,7.019999725343950093e-07
3.399999999999999973e-05,2.457000096001138593e-07
3.449999999999999833e-05,-7.721999918430810752e-07
3.499999999999999693e-05,-9.827999724620895503e-07
3.550000000000000231e-05,-6.669000003967085388e-07
3.600000000000000091e-05,-6.317999691418662921e-07
3.649999999999999951e-05,3.159000107189058199e-07
3.699999999999999811e-05,1.614600002994848216e-06
3.749999999999999671e-05,1.474199955282529058e-06
3.800000000000000209e-05,-1.403999958711210664e-06
3.850000000000000069e-05,-2.702699928249785495e-06
3.899999999999999929e-05,-1.052999966759671241e-06
3.949999999999999789e-05,1.474199937092635006e-06
4.000000000000000327e-05,1.263599956473626637e-06
4.050000000000000187e-05,-1.614599996173637894e-06
4.100000000000000047e-05,-4.352399869276268568e-06
4.149999999999999907e-05,-3.825899902949458648e-06
4.199999999999999768e-05,-8.424000020568201149e-07
4.250000000000000305e-05,1.719899928502854866e-06
4.300000000000000165e-05,1.895399909699335686e-06
4.350000000000000026e-05,8.072999253272428431e-07
4.399999999999999886e-05,1.754999493641662284e-07
4.449999999999999746e-05,-5.616000112240727060e-07
4.500000000000000283e-05,-1.614599941603955737e-06
4.550000000000000144e-05,-3.123899914498906396e-06
4.600000000000000004e-05,-2.211299961345503124e-06
4.649999999999999864e-05,5.264999572318628938e-07
4.699999999999999724e-05,1.614599984804954164e-06
4.750000000000000262e-05,-3.637978807091713027e-14
4.800000000000000122e-05,-7.020000566626550016e-08
4.849999999999999982e-05,2.386799953910667885e-06
4.899999999999999842e-05,3.404699907605390932e-06
4.949999999999999702e-05,9.125999577008769975e-07
5.000000000000000240e-05,-1.088099947992304738e-06
5.050000000000000100e-05,-3.509997441142331968e-08
5.099999999999999960e-05,1.017899937778565698e-06
5.149999999999999820e-05,1.649699904646695393e-06
5.199999999999999680e-05,1.228499952503625469e-06
5.250000000000000218e-05,-1.755000153025321154e-07
5.300000000000000078e-05,-4.211999657854903574e-07
5.349999999999999938e-05,-7.370999742306594737e-07
5.399999999999999798e-05,-1.684799976828799151e-06
5.450000000000000336e-05,-1.719899912586697517e-06
5.500000000000000196e-05,-1.754999880176910633e-07
5.550000000000000056e-05,4.913999941891233437e-07
5.599999999999999916e-05,-1.158300001407042205e-06
5.649999999999999776e-05,-1.860299935287912300e-06
5.700000000000000314e-05,-3.861000141114345900e-07
5.750000000000000174e-05,1.228499945682415358e-06
5.800000000000000034e-05,1.930499956870335070e-06
5.849999999999999894e-05,2.772899938463524534e-06
5.899999999999999754e-05,1.298699987728468883e-06
5.950000000000000292e-05,-1.825199958602752211e-06
6.000000000000000152e-05,-2.176199886889662661e-06
6.050000000000000012e-05,1.017900008264405204e-06
6.099999999999999872e-05,1.860299983036384135e-06
6.150000000000000410e-05,-1.333799943949998217e-06
6.200000000000000270e-05,-3.474899906450446030e-06
6.250000000000000130e-05,-2.316599941423191718e-06
6.299999999999999990e-05,-6.668999208159221125e-07
6.349999999999999850e-05,-3.158999902552750639e-07
6.399999999999999710e-05,7.020001248747575658e-08
6.449999999999999570e-05,1.088099961634725383e-06
6.499999999999999431e-05,1.298699992275942291e-06
6.550000000000000646e-05,5.615999634756007655e-07
6.600000000000000506e-05,6.669000231340759984e-07
6.650000000000000366e-05,6.669000299552863210e-07
6.700000000000000226e-05,-7.721999986642912919e-07
6.750000000000000086e-05,-2.737799945862207096e-06
6.799999999999999946e-05,-2.667599922006047411e-06
6.849999999999999806e-05,-3.509999919515394225e-07
6.899999999999999667e-05,1.158299960479780481e-06
6.949999999999999527e-05,1.368899945646262469e-06
6.999999999999999387e-05,6.317999464044987266e-07
7.050000000000000602e-05,-2.807999908327474089e-07
7.100000000000000462e-05,-1.930499947775388255e-06
7.150000000000000322e-05,-3.053699940664955461e-06
7.200000000000000182e-05,-2.386799940268247240e-06
7.250000000000000043e-05,1.754999766490073070e-07
7.299999999999999903e-05,1.825199949507805184e-06
7.349999999999999763e-05,4.913999464406515090e-07
7.399999999999999623e-05,-4.211999544168065747e-07
7.449999999999999483e-05,5.616000476038607049e-07
7.499999999999999343e-05,8.774999901106639342e-07
7.550000000000000558e-05,-1.158299955932307074e-06
7.600000000000000418e-05,-1.193399962176044946e-06
7.650000000000000279e-05,1.474200003031000893e-06
7.700000000000000139e-05,2.456999952755722984e-06
7.749999999999999999e-05,7.020003749858006539e-08
7.799999999999999859e-05,-1.298699914968892674e-06
7.849999999999999719e-05,5.966999992779165252e-07
7.899999999999999579e-05,2.386799942541983944e-06
7.949999999999999439e-05,3.509999623929615873e-07
8.000000000000000654e-05,-1.754999943841539764e-06
8.050000000000000515e-05,-2.246399940304399917e-06
8.100000000000000375e-05,-1.930499954596598366e-06
8.150000000000000235e-05,-1.544399942758900638e-06
8.200000000000000095e-05,-1.158299887720204483e-06
8.249999999999999955e-05,-7.019999952717625748e-07
8.299999999999999815e-05,5.615999998553888703e-07
8.349999999999999675e-05,1.088099973003409113e-06
8.399999999999999535e-05,-4.913999691780190745e-07
8.449999999999999395e-05,-2.141099969321658136e-06
8.500000000000000611e-05,-2.492099920345935835e-06
8.550000000000000471e-05,-1.719899921681644543e-06
8.600000000000000331e-05,3.509999487505410877e-08
8.650000000000000191e-05,1.965599960840336449e-06
8.700000000000000051e-05,1.579499971740005970e-06
8.749999999999999911e-05,-4.562999811241752553e-07
8.799999999999999771e-05,-1.790099918252963149e-06
8.849999999999999631e-05,-1.404000431648455655e-07
8.899999999999999491e-05,8.774999832894537175e-07
8.949999999999999351e-05,-3.509999601192248308e-07
9.000000000000000567e-05,-1.965599913091864403e-06
9.050000000000000427e-05,-4.211999544168065747e-07
9.100000000000000287e-05,2.737799895839998346e-06
9.150000000000000147e-05,3.685499932544189319e-06
9.200000000000000007e-05,2.386799906162195839e-06
9.249999999999999867e-05,1.860299942109122623e-06
9.299999999999999727e-05,2.316599895948456799e-06
9.349999999999999587e-05,1.860299951204069649e-06
9.399999999999999448e-05,-8.072999639807676515e-07
9.450000000000000663e-05,-1.754999946115276467e-06
9.500000000000000523e-05,-3.509998123263358271e-08
9.550000000000000383e-05,2.211299922691978315e-06
9.600000000000000243e-05,2.737799904934945584e-06
9.650000000000000103e-05,1.579499914896587109e-06
9.699999999999999963e-05,-1.088099957087251764e-06
9.749999999999999823e-05,-3.334499924676492759e-06
9.799999999999999684e-05,-2.492099908977252317e-06
9.849999999999999544e-05,1.403999726790061654e-07
9.899999999999999404e-05,2.421899935143301382e-06
9.950000000000000619e-05,1.614599939330219033e-06
1.000000000000000048e-04,-1.333799953044945243e-06
1.005000000000000034e-04,-2.807999917422421327e-06
1.010000000000000020e-04,-4.913999623568088578e-07
1.015000000000000006e-04,2.211299929513188426e-06
1.019999999999999992e-04,2.035799941495497495e-06
1.024999999999999978e-04,8.423999520346114708e-07
1.029999999999999964e-04,1.193400003103306458e-06
1.034999999999999950e-04,1.860299960299016675e-06
1.039999999999999936e-04,3.158999720653810115e-07
1.045000000000000058e-04,-1.193399994008359432e-06
1.050000000000000044e-04,-5.264999413157056509e-07
1.055000000000000030e-04,1.333799928033840868e-06
1.060000000000000016e-04,1.649699922836589445e-06
1.065000000000000002e-04,4.563000015878060113e-07
1.069999999999999988e-04,1.404000386173720525e-07
1.074999999999999974e-04,1.333799973508575999e-06
1.079999999999999960e-04,2.316599882306036154e-06
1.084999999999999946e-04,1.754999905188014955e-06
1.090000000000000067e-04,8.072999798969248945e-07
1.095000000000000053e-04,-1.755000289449526547e-07
1.100000000000000039e-04,-1.474199973472423111e-06
1.105000000000000025e-04,-2.983499939546163660e-06
1.110000000000000011e-04,-3.053699924748798536e-06
1.114999999999999997e-04,-9.827999633671425241e-07
1.119999999999999983e-04,1.263599949652416314e-06
1.124999999999999969e-04,1.368899975204840252e-06
1.129999999999999955e-04,3.509992211547796535e-08
1.134999999999999941e-04,-4.563000152302265506e-07
1.140000000000000063e-04,2.105999624291143962e-07
1.145000000000000049e-04,3.860999777316464852e-07
1.150000000000000035e-04,4.563000061352795244e-07
1.155000000000000021e-04,5.264999731480202426e-07
1.160000000000000007e-04,-7.019998520263470445e-08
1.164999999999999993e-04,-1.263599972389783985e-06
1.169999999999999979e-04,-1.263599995127151445e-06
1.174999999999999965e-04,1.403999931426369479e-07
1.179999999999999951e-04,8.072999708019778683e-07
1.184999999999999937e-04,1.754999811964807937e-07
1.190000000000000058e-04,-1.228499927492521305e-06
1.195000000000000044e-04,-8.423999497608747672e-07
1.200000000000000030e-04,1.088099929802410686e-06
1.205000000000000016e-04,1.649699952395167227e-06
1.210000000000000002e-04,2.807999612741696267e-07
1.214999999999999988e-04,-5.967000220152840907e-07
1.219999999999999974e-04,1.017899937778565698e-06
1.224999999999999960e-04,2.246399908472085219e-06
1.230000000000000082e-04,1.649699941026483497e-06
1.234999999999999932e-04,1.368899952467472792e-06
1.240000000000000054e-04,1.860299958025279971e-06
1.244999999999999904e-04,2.421899912405933922e-06
1.250000000000000026e-04,1.228499938861205035e-06
1.254999999999999877e-04,-2.807999931064841655e-07
1.259999999999999998e-04,-9.827999861045099837e-07
1.265000000000000120e-04,-4.562999174595461248e-07
1.269999999999999970e-04,-8.072999617070308421e-07
1.275000000000000092e-04,-1.017899951420986343e-06
1.279999999999999942e-04,-9.827999542721954979e-07
1.285000000000000064e-04,-1.333799943949998217e-06
1.289999999999999914e-04,-3.194099926986382140e-06
1.295000000000000036e-04,-3.896099888152093525e-06
1.299999999999999886e-04,-2.913299931606161323e-06
1.305000000000000008e-04,-1.403999960984947367e-06
1.310000000000000129e-04,-1.403999613103224092e-07
1.314999999999999980e-04,4.092726157978176919e-14
1.320000000000000101e-04,7.019997610768769148e-08
1.324999999999999952e-04,2.141099937489343439e-06
1.330000000000000073e-04,3.018599923052533860e-06
1.334999999999999924e-04,3.509998123263358271e-08
1.340000000000000045e-04,-2.246399883460981056e-06
1.344999999999999896e-04,3.159000152663793330e-07
1.350000000000000017e-04,3.334499906486598707e-06
1.354999999999999868e-04,9.125999599746137011e-07
1.359999999999999989e-04,-2.702699914607364849e-06
1.365000000000000111e-04,-1.860299962572753379e-06
1.369999999999999961e-04,1.544399963222531394e-06
1.375000000000000083e-04,1.965600010862544776e-06
1.379999999999999933e-04,-7.019996019153040887e-08
1.385000000000000055e-04,-6.668999776593409733e-07
1.389999999999999905e-04,3.509999942252761790e-07
1.395000000000000027e-04,5.264999799692304593e-07
1.399999999999999877e-04,-7.019997610768769148e-08
1.404999999999999999e-04,-2.105999783452716656e-07
1.410000000000000120e-04,5.615999793917581143e-07
1.414999999999999971e-04,1.228499972967256225e-06
1.420000000000000092e-04,7.019999588919745758e-07
1.424999999999999943e-04,-8.774999878369271247e-07
1.430000000000000064e-04,-2.772899913452419948e-06
1.434999999999999915e-04,-2.948399896922637895e-06
1.440000000000000036e-04,-1.544399945032637342e-06
1.444999999999999887e-04,-7.371000242528680119e-07
1.450000000000000009e-04,-1.228499938861205035e-06
1.455000000000000130e-04,-1.649699961490114253e-06
1.459999999999999981e-04,-6.317999736893398052e-07
1.465000000000000102e-04,5.265000140752817546e-07
1.469999999999999953e-04,4.211999839753844098e-07
1.475000000000000074e-04,2.955857780762016874e-14
1.479999999999999925e-04,4.913999896416498306e-07
1.485000000000000046e-04,6.318000282590219624e-07
1.489999999999999897e-04,-4.913999873679131269e-07
1.495000000000000018e-04,-2.000699939799233242e-06
1.499999999999999869e-04,-2.667599949290888702e-06
1.504999999999999990e-04,-1.088099998014513488e-06
1.510000000000000112e-04,-1.404000408911088090e-07
1.514999999999999962e-04,-9.125999713432975368e-07
1.520000000000000084e-04,-1.754999943841539764e-06
1.524999999999999934e-04,-7.722000100329751276e-07
1.530000000000000056e-04,1.965599942650442397e-06
1.534999999999999906e-04,4.071599887538468397e-06
1.540000000000000028e-04,4.141799845456261984e-06
1.544999999999999878e-04,2.983499857691640636e-06
1.550000000000000000e-04,1.509299931967689148e-06
1.555000000000000121e-04,-7.370999674094491511e-07
1.559999999999999972e-04,-2.035799998338916356e-06
1.565000000000000093e-04,-1.509299952431319904e-06
1.569999999999999944e-04,-4.562999765767017422e-07
1.575000000000000065e-04,2.807999931064841655e-07
1.579999999999999916e-04,-2.456999936839565635e-07
1.585000000000000037e-04,4.913999623568088578e-07
1.589999999999999888e-04,2.070899922728130992e-06
1.595000000000000009e-04,2.492099963546934474e-06
1.600000000000000131e-04,1.754999925651645711e-06
1.604999999999999981e-04,1.298699949074944075e-06
1.610000000000000103e-04,1.719899976251326700e-06
1.614999999999999953e-04,4.562999947665957946e-07
1.620000000000000075e-04,-1.088099938897357712e-06
1.624999999999999925e-04,-1.298699996823415909e-06
1.630000000000000047e-04,-9.477000116930867037e-07
1.634999999999999897e-04,-2.456999777677992676e-07
1.640000000000000019e-04,3.158999288643826900e-07
1.644999999999999869e-04,8.423999679507688196e-07
1.649999999999999991e-04,1.333799959866155354e-06
1.655000000000000113e-04,2.457000005051668331e-07
1.659999999999999963e-04,-1.333799996245943459e-06
1.665000000000000085e-04,-9.476999730395618953e-07
1.669999999999999935e-04,2.807999953802209220e-07
1.675000000000000057e-04,-1.123200006531988063e-06
1.679999999999999907e-04,-3.194099922438908732e-06
1.685000000000000029e-04,-1.649699950121430524e-06
1.689999999999999879e-04,9.828000156630877659e-07
1.695000000000000001e-04,9.476999593971413560e-07
1.700000000000000122e-04,-1.474199975746159814e-06
1.704999999999999973e-04,-2.948399890101427360e-06
1.710000000000000094e-04,-6.669000026704452424e-07
1.714999999999999945e-04,1.614599964341323408e-06
1.720000000000000066e-04,1.754999998411221921e-06
1.724999999999999917e-04,7.722000009380281014e-07
1.730000000000000038e-04,1.754999584591132546e-07
1.734999999999999889e-04,1.193399989460886024e-06
1.740000000000000010e-04,1.403999970079894394e-06
1.745000000000000132e-04,4.562999379231769338e-07
1.749999999999999982e-04,4.212000158076989486e-07
1.755000000000000104e-04,1.263599938283732584e-06
1.759999999999999954e-04,1.052999391504272416e-07
1.765000000000000076e-04,-2.246399953946820562e-06
1.769999999999999926e-04,-2.878199961742211768e-06
1.775000000000000048e-04,-4.563000311463838464e-07
1.779999999999999898e-04,1.719899896670540380e-06
1.785000000000000020e-04,1.052999964485934538e-06
1.789999999999999870e-04,-5.615999657493375750e-07
1.794999999999999992e-04,-1.158299974122201126e-06
1.800000000000000113e-04,-1.754999811964807937e-07
1.804999999999999964e-04,8.423999406659277410e-07
1.810000000000000085e-04,8.424000020568201149e-07
1.814999999999999936e-04,9.827999588196689051e-07
1.820000000000000057e-04,1.965599926734285048e-06
1.824999999999999908e-04,2.035799918758130035e-06
1.830000000000000029e-04,8.072999503383471123e-07
1.834999999999999880e-04,3.158999720653810115e-07
1.840000000000000001e-04,6.669000231340759984e-07
1.845000000000000123e-04,-5.615999748442846012e-07
1.849999999999999973e-04,-2.211299986356607287e-06
1.855000000000000095e-04,-1.790099931895383583e-06
1.859999999999999945e-04,-4.563000061352795244e-07
1.865000000000000067e-04,-1.193399971270991972e-06
1.869999999999999917e-04,-1.579499921717797431e-06
1.875000000000000039e-04,5.615999930341786536e-07
1.879999999999999890e-04,2.351699931750772453e-06
1.885000000000000011e-04,1.298699983180995264e-06
1.890000000000000133e-04,-1.403999681315326523e-07
1.894999999999999983e-04,5.264999822429672688e-07
1.900000000000000105e-04,8.774999741945066913e-07
1.904999999999999955e-04,-1.755000016601116026e-07
1.910000000000000077e-04,-1.193400032661884240e-06
1.914999999999999927e-04,-1.404000013280892821e-06
1.920000000000000049e-04,-1.404000158800045134e-07
1.924999999999999899e-04,5.615999680230742786e-07
1.930000000000000021e-04,-6.669000254078128079e-07
1.934999999999999871e-04,-1.474199943913845328e-06
1.939999999999999993e-04,2.807999908327474089e-07
1.945000000000000114e-04,1.333799948497471624e-06
1.949999999999999965e-04,2.457000368849548850e-07
1.955000000000000086e-04,-5.264999822429672688e-07
1.959999999999999937e-04,5.265000163490185641e-07
1.965000000000000058e-04,1.017899958242196666e-06
1.969999999999999909e-04,-7.019997383395093493e-08
1.975000000000000030e-04,-1.298699928611313319e-06
1.979999999999999881e-04,-1.579499908075376786e-06
1.985000000000000002e-04,-9.125999736170342404e-07
1.990000000000000124e-04,-1.579499958097585536e-06
1.994999999999999974e-04,-2.316599889127246688e-06
2.000000000000000096e-04,-4.913999509881250221e-07
2.004999999999999946e-04,9.476999525759311393e-07
2.010000000000000068e-04,-3.860999891003302679e-07
2.014999999999999918e-04,-1.860299953477806352e-06
2.020000000000000040e-04,-1.193400005377043373e-06
2.024999999999999890e-04,-5.265000163490185641e-07
2.030000000000000012e-04,-7.370999355771345594e-07
2.035000000000000133e-04,-1.228499991157150277e-06
2.039999999999999984e-04,-8.072999594332941384e-07
2.045000000000000105e-04,-7.020000566626550016e-08
2.049999999999999956e-04,4.563000084090162809e-07
2.055000000000000077e-04,-1.263599940557469288e-06
2.059999999999999928e-04,-3.931199869384727445e-06
2.065000000000000049e-04,-2.527199922042200511e-06
2.069999999999999900e-04,7.370999651357124475e-07
2.075000000000000022e-04,1.228499995704623896e-06
2.079999999999999872e-04,-2.456999868627462938e-07
2.084999999999999994e-04,-8.775000401328725783e-07
2.090000000000000115e-04,-1.193399980365938998e-06
2.094999999999999966e-04,-1.474199925723951276e-06
2.100000000000000087e-04,-5.265000027065980248e-07
2.104999999999999938e-04,7.370999514932919082e-07
2.110000000000000059e-04,4.913999646305455614e-07
2.114999999999999910e-04,3.510001306494814132e-08
2.120000000000000031e-04,7.019999679869214962e-07
2.124999999999999882e-04,6.668999753856041638e-07
2.130000000000000003e-04,-7.721999440946092406e-07
2.135000000000000125e-04,-6.318000077953911005e-07
2.139999999999999975e-04,1.052999964485934538e-06
2.145000000000000097e-04,8.423999815931892530e-07
2.149999999999999947e-04,-3.509997895889682616e-08
2.155000000000000069e-04,1.052999978128354971e-06
2.159999999999999919e-04,2.141099951131764084e-06
2.165000000000000041e-04,1.193399943986150893e-06
2.169999999999999891e-04,1.053000096362666285e-07
2.175000000000000013e-04,9.126000236392428845e-07
2.180000000000000134e-04,1.649699938752746582e-06
2.184999999999999985e-04,7.370999924205534202e-07
2.190000000000000106e-04,1.052999937201093459e-07
2.194999999999999957e-04,6.668999708381306507e-07
2.200000000000000078e-04,7.019999475232907401e-07
2.204999999999999929e-04,-1.017899999169458178e-06
2.210000000000000050e-04,-1.228499959324835791e-06
2.214999999999999901e-04,1.158299915005045562e-06
2.220000000000000022e-04,1.649699963763850957e-06
2.224999999999999873e-04,-3.860999731841729721e-07
2.229999999999999994e-04,-1.439099967228685239e-06
2.235000000000000116e-04,-1.053000278261606544e-07
2.239999999999999966e-04,1.684799924532853698e-06
2.245000000000000088e-04,3.053699897463957246e-06
2.249999999999999938e-04,2.843099900928791528e-06
2.255000000000000060e-04,8.423999679507688196e-07
2.259999999999999910e-04,-6.668999731118674602e-07
2.265000000000000032e-04,-8.073000094555027825e-07
2.269999999999999882e-04,-3.510001761242165442e-08
2.275000000000000004e-04,9.125999781645077535e-07
2.280000000000000126e-04,1.403999920057685855e-06
2.284999999999999976e-04,5.264999845167039724e-07
2.290000000000000098e-04,-4.913999987365968568e-07
2.294999999999999948e-04,1.136868377216160361e-14
2.300000000000000070e-04,1.263599956473626637e-06
2.304999999999999920e-04,1.123199954236042610e-06
2.310000000000000042e-04,1.754999698277970374e-07
2.314999999999999892e-04,7.019999929980258711e-07
2.320000000000000014e-04,2.527199906126043162e-06
2.325000000000000135e-04,2.597399907244834964e-06
2.329999999999999986e-04,9.476999503021943298e-07
2.335000000000000107e-04,-1.052999982675828590e-06
2.339999999999999958e-04,-1.719899935324065188e-06
2.345000000000000079e-04,-1.860299937561649215e-06
2.349999999999999930e-04,-1.509299947883846496e-06
2.355000000000000051e-04,-2.456999936839565635e-07
2.359999999999999902e-04,2.456999982314300766e-07
2.365000000000000023e-04,-3.860999800053832417e-07
2.369999999999999874e-04,-8.072999162322958169e-07
2.374999999999999995e-04,-3.860999709104362155e-07
2.380000000000000117e-04,3.510000237838539612e-07
2.384999999999999967e-04,7.019999338808702008e-07
2.390000000000000089e-04,-4.562999674817547160e-07
2.394999999999999939e-04,-2.000699912514391952e-06
2.400000000000000061e-04,-1.825199913128017291e-06
2.404999999999999911e-04,-1.017900010538141908e-06
2.410000000000000033e-04,-6.317999850580236409e-07
2.414999999999999883e-04,-2.456999936839565635e-07
2.420000000000000005e-04,1.755000039338483592e-07
2.425000000000000126e-04,-9.126000304604531012e-07
2.429999999999999977e-04,-1.860299978488910727e-06
2.435000000000000098e-04,-3.637978807091713027e-14
2.439999999999999949e-04,2.913299856572848410e-06
2.444999999999999799e-04,2.246399919840769161e-06
2.449999999999999921e-04,-1.123199972425936662e-06
2.455000000000000042e-04,-2.141099964774184729e-06
2.460000000000000164e-04,4.914000123790173961e-07
2.464999999999999743e-04,2.000699889777024492e-06
2.469999999999999865e-04,3.861000050164875638e-07
2.474999999999999986e-04,-1.509299945610109793e-06
2.480000000000000108e-04,-9.125999667958240237e-07
2.485000000000000230e-04,7.370999901468167166e-07
2.489999999999999809e-04,5.615999543806538452e-07
2.494999999999999931e-04,-1.403999772264796785e-07
2.500000000000000052e-04,4.562999993140693077e-07
2.505000000000000174e-04,3.158999902552750639e-07
2.509999999999999753e-04,-3.510001533868489787e-08
2.514999999999999875e-04,2.728484105318784613e-14
2.519999999999999996e-04,-3.509997441142331968e-08
2.525000000000000118e-04,-1.403999958711210664e-06
2.530000000000000239e-04,-1.825199979066383178e-06
2.534999999999999819e-04,1.403999704052694089e-07
2.539999999999999940e-04,9.476998957325122785e-07
2.545000000000000062e-04,-3.510004489726270655e-08
2.550000000000000183e-04,-6.318000077953911005e-07
2.554999999999999763e-04,6.668999617431836245e-07
2.559999999999999884e-04,1.404000045113207307e-06
2.565000000000000006e-04,2.807999862852738958e-07
2.570000000000000127e-04,-3.509999987727496921e-07
2.575000000000000249e-04,1.193400025840674129e-06
2.579999999999999828e-04,2.281499901073402657e-06
2.584999999999999950e-04,1.649699963763850957e-06
2.590000000000000071e-04,1.158299990038358475e-06
2.595000000000000193e-04,7.370999992417637428e-07
2.599999999999999772e-04,-6.317999941529705612e-07
2.604999999999999894e-04,-1.614599902950430928e-06
2.610000000000000015e-04,-3.509997213768656313e-08
2.615000000000000137e-04,1.649699970585061280e-06
2.620000000000000258e-04,7.721999895693443716e-07
2.624999999999999838e-04,-1.263599906451418098e-06
2.629999999999999959e-04,-2.000699948894180057e-06
2.635000000000000081e-04,2.105999806190084222e-07
2.640000000000000202e-04,3.018599907136376511e-06
2.644999999999999782e-04,2.105999924424395244e-06
2.649999999999999903e-04,-1.228499966146046114e-06
2.655000000000000025e-04,-2.141099951131764084e-06
2.660000000000000146e-04,-2.456999823152727807e-07
2.665000000000000268e-04,1.403999954163737045e-07
2.669999999999999847e-04,3.509999942252761526e-08
2.674999999999999969e-04,8.774999741945066913e-07
2.680000000000000090e-04,7.019999520707642532e-07
2.685000000000000212e-04,-7.721999509158194573e-07
2.689999999999999791e-04,-1.930499920490546965e-06
2.694999999999999913e-04,-1.052999755302153067e-07
2.700000000000000035e-04,1.649699956942640634e-06
2.705000000000000156e-04,1.614599900676694225e-06
2.709999999999999735e-04,3.860999754579097286e-07
2.714999999999999857e-04,-1.333799930307577572e-06
2.719999999999999979e-04,-2.176199918721977359e-06
2.725000000000000100e-04,-1.193399953081097919e-06
2.730000000000000222e-04,7.019999929980258711e-07
2.734999999999999801e-04,-7.371000128841842821e-07
2.739999999999999923e-04,-3.545099914390448367e-06
2.745000000000000044e-04,-3.790799873968353529e-06
2.750000000000000166e-04,-1.754999948389013383e-06
2.754999999999999745e-04,-1.052999969033407945e-06
2.759999999999999867e-04,-1.263599908725154802e-06
2.764999999999999988e-04,-6.317999509519722397e-07
2.770000000000000110e-04,-5.264999367682321378e-07
2.775000000000000231e-04,-9.125999940806651022e-07
2.779999999999999811e-04,-1.053000437423179371e-07
2.784999999999999932e-04,1.509299943336372878e-06
2.790000000000000054e-04,1.263599981484731012e-06
2.795000000000000175e-04,-3.509999805828556397e-07
2.799999999999999755e-04,-4.563000129564897940e-07
2.804999999999999876e-04,9.125999463321931618e-07
2.809999999999999998e-04,1.298699958169891101e-06
2.815000000000000119e-04,-6.668999640169204340e-07
2.820000000000000241e-04,-2.807999926517368142e-06
2.824999999999999820e-04,-1.719899946692748918e-06
2.829999999999999942e-04,1.895399961995281139e-06
2.835000000000000063e-04,3.088799903707695329e-06
2.840000000000000185e-04,1.123199976973410281e-06
2.844999999999999764e-04,1.052999868988990763e-07
2.849999999999999886e-04,7.370999924205534202e-07
2.855000000000000007e-04,5.615999998553888703e-07
2.860000000000000129e-04,-1.053000141837401284e-07
2.865000000000000250e-04,-1.017899983253300829e-06
2.869999999999999830e-04,-9.125999963544018059e-07
2.874999999999999951e-04,7.019999884505523051e-08
2.880000000000000073e-04,3.510000078676967183e-07
2.885000000000000194e-04,-1.052999978128354971e-06
2.889999999999999774e-04,-1.298699990002205587e-06
2.894999999999999895e-04,-4.562999856716487684e-07
2.900000000000000017e-04,3.510001533868489787e-08
2.905000000000000139e-04,4.211999930703313831e-07
2.910000000000000260e-04,1.509299984263634601e-06
2.914999999999999840e-04,9.125999667958240237e-07
2.919999999999999961e-04,-1.825199974518909559e-06
2.925000000000000083e-04,-2.070899961381655800e-06
2.930000000000000204e-04,2.808000022014311917e-07
2.934999999999999784e-04,2.492099920345935835e-06
2.939999999999999905e-04,8.774999969318741509e-07
2.945000000000000027e-04,-1.509299959252530226e-06
2.950000000000000148e-04,-1.263599931462522262e-06
2.955000000000000270e-04,8.775000105742946902e-07
2.959999999999999849e-04,2.456999930018355524e-06
2.964999999999999971e-04,2.562299901001097304e-06
2.970000000000000092e-04,2.316599952791875660e-06
2.975000000000000214e-04,2.492099954451987236e-06
2.979999999999999793e-04,1.860299978488910727e-06
2.984999999999999915e-04,3.860999868265935114e-07
2.990000000000000036e-04,3.510000055939599618e-07
2.995000000000000158e-04,-1.053000210049503980e-07
2.999999999999999737e-04,-9.477000071456131906e-07
3.004999999999999859e-04,5.265000118015450510e-07
3.009999999999999980e-04,2.421899878299882521e-06
3.015000000000000102e-04,1.403999795002164351e-07
3.020000000000000223e-04,-2.562299916917254653e-06
3.024999999999999803e-04,-2.035799911936919501e-06
3.029999999999999924e-04,-2.456999891364830504e-07
3.035000000000000046e-04,-3.509999714879086532e-08
3.040000000000000167e-04,1.052999937201093459e-07
3.044999999999999747e-04,6.668999776593409733e-07
3.049999999999999868e-04,-1.754999584591132546e-07
3.054999999999999990e-04,-9.476999662183515727e-07
3.060000000000000111e-04,-5.616000180452829227e-07
3.065000000000000233e-04,-1.053000073625298720e-07
3.069999999999999812e-04,4.212000021652784093e-07
3.074999999999999934e-04,1.965599944924179101e-06
3.080000000000000055e-04,1.158299942289886429e-06
3.085000000000000177e-04,-2.176199916448240232e-06
3.089999999999999756e-04,-1.825199944960331777e-06
3.094999999999999878e-04,1.544399981412425447e-06
3.099999999999999999e-04,2.105999917603185134e-06
3.105000000000000121e-04,-1.263599988305941122e-06
3.110000000000000243e-04,-3.334499870106810602e-06
3.114999999999999822e-04,-2.983499948641110474e-06
3.119999999999999944e-04,-1.439099944491317779e-06
3.125000000000000065e-04,-1.053000482897914502e-07
3.130000000000000187e-04,1.333799928033840868e-06
3.134999999999999766e-04,8.072999844443984076e-07
3.139999999999999888e-04,-1.825199933591648047e-06
3.145000000000000009e-04,-3.685499927996715912e-06
3.150000000000000131e-04,-1.474199946187582032e-06
3.155000000000000252e-04,1.754999946115276467e-06
3.159999999999999832e-04,2.070899959107919097e-06
3.164999999999999953e-04,-4.547473508864641284e-15
3.170000000000000075e-04,-1.544399940485163723e-06
3.175000000000000196e-04,-4.914000055578071793e-07
3.179999999999999776e-04,-4.211999953440681396e-07
3.184999999999999897e-04,-1.053000014508143076e-06
3.190000000000000019e-04,2.105999783452716656e-07
3.195000000000000140e-04,2.211299934060662257e-06
3.200000000000000262e-04,2.176199955101765040e-06
3.204999999999999841e-04,8.423999520346114708e-07
3.209999999999999963e-04,7.020000248303403570e-07
3.215000000000000084e-04,5.616000225927564358e-07
3.220000000000000206e-04,3.861000072902243203e-07
3.224999999999999785e-04,7.019999202384497410e-08
3.229999999999999907e-04,2.808000317600090268e-07
3.235000000000000028e-04,1.333799943949998217e-06
3.240000000000000150e-04,1.754999998411221921e-06
3.244999999999999729e-04,-7.721999463683459442e-07
3.249999999999999851e-04,-3.123899894035275640e-06
3.254999999999999972e-04,-2.456999918649671582e-06
3.260000000000000094e-04,-1.123199942867358880e-06
3.265000000000000215e-04,-4.562999424706504469e-07
3.269999999999999795e-04,-1.755000062075850892e-07
3.274999999999999916e-04,2.456999845890095373e-07
3.280000000000000038e-04,-4.212000271763827313e-07
3.285000000000000159e-04,-6.318000509963894220e-07
3.289999999999999739e-04,4.562999993140693077e-07
3.294999999999999860e-04,2.000699955715390591e-06
3.299999999999999982e-04,4.563000106827530375e-07
3.305000000000000103e-04,-1.298699971812311535e-06
3.310000000000000225e-04,-5.264999390419689473e-07
3.314999999999999804e-04,6.669000026704452424e-07
3.319999999999999926e-04,1.649699925110326149e-06
3.325000000000000048e-04,1.193399946259887597e-06
3.330000000000000169e-04,-4.563000538837514119e-07
3.334999999999999748e-04,-5.265000049803347284e-07
3.339999999999999870e-04,1.544399965496268098e-06
3.344999999999999992e-04,3.299399875231756460e-06
3.350000000000000113e-04,1.474199984841106840e-06
3.355000000000000235e-04,-1.790099961453961365e-06
3.359999999999999814e-04,-2.351699997689138552e-06
3.364999999999999936e-04,-9.126000031756120226e-07
3.370000000000000057e-04,1.579499933086481161e-06
3.375000000000000179e-04,2.807999899232527275e-06
3.379999999999999758e-04,2.000699946620443353e-06
3.384999999999999880e-04,-4.547473508864641284e-15
3.390000000000000001e-04,-7.721999986642912919e-07
3.395000000000000123e-04,-9.476999844082456251e-07
3.400000000000000244e-04,-9.827999838307732801e-07
3.404999999999999824e-04,9.476999707658250858e-07
3.409999999999999945e-04,2.141099985237815485e-06
3.415000000000000067e-04,8.774999946581374473e-07
3.420000000000000188e-04,3.509999919515394225e-07
3.424999999999999768e-04,2.105999906234501192e-06
3.429999999999999889e-04,1.965599967661546560e-06
3.435000000000000011e-04,-8.775000196692417164e-07
3.440000000000000132e-04,-1.790099968275171688e-06
3.445000000000000254e-04,4.562999697554914725e-07
3.449999999999999833e-04,1.228499941134941739e-06
3.454999999999999955e-04,-1.649699981953745009e-06
3.460000000000000076e-04,-4.282199868157477190e-06
3.465000000000000198e-04,-3.194099924712645436e-06
3.469999999999999777e-04,-2.807999703691166529e-07
3.474999999999999899e-04,1.368899988847260897e-06
3.480000000000000020e-04,1.158299946837360048e-06
3.485000000000000142e-04,-8.423999884143995756e-07
3.490000000000000263e-04,-1.719899969430116378e-06
3.494999999999999843e-04,-4.211999998915416527e-07
3.499999999999999964e-04,1.509299952431319904e-06
3.505000000000000086e-04,2.281499957916821518e-06
3.510000000000000208e-04,1.544399926842743290e-06
3.514999999999999787e-04,1.228499970693519521e-06
3.519999999999999908e-04,1.298700026381993692e-06
3.525000000000000030e-04,-4.211999953440681396e-07
3.530000000000000152e-04,-2.211299974987923769e-06
3.534999999999999731e-04,-1.123199951962305906e-06
3.539999999999999853e-04,2.955857780762016874e-14
3.544999999999999974e-04,-5.615999907604418441e-07
3.550000000000000096e-04,-1.088100000288250191e-06
3.555000000000000217e-04,5.616000180452829227e-07
3.559999999999999797e-04,1.298699944527470456e-06
3.564999999999999918e-04,5.264999549581261902e-07
3.570000000000000040e-04,-1.263599954199889933e-06
3.575000000000000161e-04,-1.930499981881439656e-06
3.579999999999999741e-04,-1.825199931317911344e-06
3.584999999999999862e-04,-8.775000219429785259e-07
3.589999999999999984e-04,9.827999747358262539e-07
3.595000000000000105e-04,2.386799894793511897e-06
3.600000000000000227e-04,1.228499929766258009e-06
3.604999999999999806e-04,-9.125999736170342404e-07
3.609999999999999928e-04,-9.477000253355072430e-07
3.615000000000000049e-04,5.616000112240727060e-07
3.620000000000000171e-04,7.019999929980258711e-07
3.624999999999999750e-04,-1.684799963186378506e-06
3.629999999999999872e-04,-3.404699921247811154e-06
3.634999999999999993e-04,-1.930499993250123174e-06
3.640000000000000115e-04,6.668999640169204340e-07
3.645000000000000236e-04,1.403999908689001914e-07
3.649999999999999816e-04,-8.072999344221898693e-07
3.654999999999999937e-04,-4.913999828204396138e-07
3.660000000000000059e-04,1.754999971126380895e-07
3.665000000000000180e-04,7.721999941168178847e-07
3.669999999999999760e-04,2.000699951167916760e-06
3.674999999999999881e-04,1.790099954632751254e-06
3.680000000000000003e-04,-3.860999504468054595e-07
3.685000000000000124e-04,-2.562299878263729421e-06
3.690000000000000246e-04,-1.614599941603955737e-06
3.694999999999999825e-04,-1.052999573403212676e-07
3.699999999999999947e-04,7.019998747637146100e-08
3.705000000000000068e-04,-7.371000060629739595e-07
3.710000000000000190e-04,-4.212000135339621920e-07
3.714999999999999769e-04,6.668999844805511900e-07
3.719999999999999891e-04,-1.403999704052694089e-07
3.725000000000000012e-04,-1.509299938788899470e-06
3.730000000000000134e-04,-1.088099988919566462e-06
3.735000000000000256e-04,1.404000113325310003e-07
3.739999999999999835e-04,6.318000032479175874e-07
3.744999999999999957e-04,4.211999521430698181e-07
3.750000000000000078e-04,7.020001930868602623e-08
3.755000000000000200e-04,-3.509999760353821266e-07
3.759999999999999779e-04,-2.211299945429345775e-06
3.764999999999999901e-04,-3.931199835278675620e-06
3.770000000000000022e-04,-2.878199941278581012e-06
3.775000000000000144e-04,9.476999753132985989e-07
3.780000000000000265e-04,2.351699904465931586e-06
3.784999999999999845e-04,-7.721999577370297799e-07
3.789999999999999966e-04,-3.650399892194400258e-06
3.795000000000000088e-04,-2.316599964160559602e-06
3.800000000000000209e-04,-2.106000010826392046e-07
3.804999999999999789e-04,3.158999857078015508e-07
3.809999999999999910e-04,2.456999413880112158e-07
3.815000000000000032e-04,5.615999384644964964e-07
3.820000000000000153e-04,1.439099924027687023e-06
3.824999999999999733e-04,1.403999940521316611e-06
3.829999999999999854e-04,3.159000311825366289e-07
3.834999999999999976e-04,-7.721999440946092406e-07
3.840000000000000097e-04,6.669000094916554591e-07
3.845000000000000219e-04,1.439099992239789614e-06
3.849999999999999798e-04,7.019999475232907401e-07
3.854999999999999920e-04,7.370999537670286118e-07
3.860000000000000041e-04,7.019999566182377663e-07
3.865000000000000163e-04,-5.264999708742834331e-07
3.869999999999999742e-04,-2.035799936948024088e-06
3.874999999999999864e-04,-1.228499979788466547e-06
3.879999999999999985e-04,5.966999833617591765e-07
3.885000000000000107e-04,1.158299946837360048e-06
3.890000000000000228e-04,2.105999556079041266e-07
3.894999999999999808e-04,-5.616000316877034620e-07
3.899999999999999929e-04,-8.774999764682433949e-07
3.905000000000000051e-04,-9.126000350079266143e-07
3.910000000000000172e-04,-4.563000038615427678e-07
3.914999999999999752e-04,1.754999834702175502e-07
3.919999999999999873e-04,7.722000100329751276e-07
3.924999999999999995e-04,9.125999417847197545e-07
3.930000000000000117e-04,-2.106000374624272830e-07
3.935000000000000238e-04,-1.228499993430887192e-06
3.939999999999999817e-04,-2.457000209687976421e-07
3.944999999999999939e-04,1.298699953622417482e-06
3.950000000000000061e-04,1.158299980943411449e-06
3.955000000000000182e-04,1.403999817739531916e-07
3.959999999999999762e-04,1.754999698277970374e-07
3.964999999999999883e-04,1.088099959360988679e-06
3.970000000000000005e-04,2.843099960045947092e-06
3.975000000000000126e-04,3.896099940448038979e-06
3.980000000000000248e-04,4.001399906883306928e-06
3.984999999999999827e-04,3.545099912116711663e-06
3.989999999999999949e-04,1.719899978525063404e-06
3.995000000000000070e-04,-1.052999868988990763e-07
4.000000000000000192e-04,6.317999714156031016e-07
4.004999999999999771e-04,1.965599924460548345e-06
4.009999999999999893e-04,1.228499986609676870e-06
4.015000000000000014e-04,3.510002443363191745e-08
4.020000000000000136e-04,7.020003295110655229e-08
4.025000000000000257e-04,2.211299929513188426e-06
4.029999999999999837e-04,3.088799928718799492e-06
4.034999999999999958e-04,2.492099933988356480e-06
4.040000000000000080e-04,1.368899975204840252e-06
4.045000000000000201e-04,9.476999662183515727e-07
4.049999999999999781e-04,1.544399958675057775e-06
4.054999999999999902e-04,2.316599889127246688e-06
4.060000000000000024e-04,1.052999987223301997e-06
4.065000000000000145e-04,-3.158999811603280377e-07
4.070000000000000267e-04,-2.808000340337457834e-07
4.074999999999999846e-04,9.125999645220872142e-07
4.079999999999999968e-04,2.000699978452758051e-06
4.085000000000000089e-04,2.000699987547704865e-06
4.090000000000000211e-04,1.017900026454299257e-06
4.094999999999999790e-04,3.860999731841729721e-07
4.099999999999999912e-04,-4.563000129564897940e-07
4.105000000000000033e-04,-1.754999977947591165e-06
4.110000000000000155e-04,-1.474199955282529058e-06
4.114999999999999734e-04,-8.774999650995596651e-07
4.119999999999999856e-04,-1.088099927528673982e-06
4.124999999999999977e-04,-8.423999634032953065e-07
4.130000000000000099e-04,6.668999890280247031e-07
4.135000000000000221e-04,6.668999890280247031e-07
4.139999999999999800e-04,-2.070899931823078230e-06
4.144999999999999921e-04,-3.088799940087483434e-06
4.150000000000000043e-04,-1.052999971307144648e-06
4.155000000000000165e-04,8.774999923844006378e-07
4.159999999999999744e-04,-5.615999953079153572e-07
4.164999999999999866e-04,-3.334499931497702870e-06
4.169999999999999987e-04,-4.457699869817588343e-06
4.175000000000000109e-04,-2.913299938427371858e-06
4.180000000000000230e-04,-1.158299940016149725e-06
4.184999999999999810e-04,-5.265000254439655903e-07
4.189999999999999931e-04,-1.298699996823415909e-06
4.195000000000000053e-04,-2.527199956148251489e-06
4.200000000000000174e-04,-2.421899948785721604e-06
4.204999999999999754e-04,-1.439099980871105884e-06
4.209999999999999875e-04,-1.333799943949998217e-06
4.214999999999999997e-04,-2.141099942036817269e-06
4.220000000000000118e-04,-2.597399934529676255e-06
4.225000000000000240e-04,-1.474199993936053867e-06
4.229999999999999819e-04,5.265000231702287808e-07
4.234999999999999941e-04,1.333799953044945243e-06
4.240000000000000062e-04,-4.547473508864641284e-15
4.245000000000000184e-04,-1.053000391948444240e-07
4.249999999999999763e-04,5.966999833617591765e-07
4.254999999999999885e-04,4.914000192002277186e-07
4.260000000000000006e-04,-4.211999839753844098e-07
4.265000000000000128e-04,1.088099979824619435e-06
4.270000000000000249e-04,3.474899879165604740e-06
4.274999999999999829e-04,3.650399985417607223e-06
4.279999999999999950e-04,5.967000060991267420e-07
4.285000000000000072e-04,-1.930499997797596582e-06
4.290000000000000193e-04,-1.579499983108689699e-06
4.294999999999999773e-04,8.072999594332941384e-07
4.299999999999999894e-04,2.702699866858893227e-06
4.305000000000000016e-04,1.474199925723951276e-06
4.310000000000000137e-04,-7.019999861768155486e-07
4.315000000000000259e-04,3.510002443363191745e-08
4.319999999999999838e-04,2.211299974987923769e-06
4.324999999999999960e-04,1.263599947378679610e-06
4.330000000000000081e-04,1.439099985418579291e-06
4.335000000000000203e-04,4.317299842568900576e-06
4.339999999999999782e-04,4.387499841413955674e-06
4.344999999999999904e-04,4.212000135339621920e-07
4.350000000000000026e-04,-1.544399945032637342e-06
4.355000000000000147e-04,-1.263599976937257393e-06
4.360000000000000269e-04,-9.125999667958240237e-07
4.364999999999999848e-04,-1.263599992853414741e-06
4.369999999999999970e-04,-1.509299950157583200e-06
4.375000000000000091e-04,-1.158299967300990804e-06
4.380000000000000213e-04,-4.563000038615427678e-07
4.384999999999999792e-04,-2.457000027789035897e-07
4.389999999999999914e-04,-6.317999964267073707e-07
4.395000000000000035e-04,-1.263599929188785558e-06
4.400000000000000157e-04,-2.948399926481215465e-06
4.404999999999999736e-04,-4.387499891436164001e-06
4.409999999999999858e-04,-4.071599910275836281e-06
4.414999999999999979e-04,-3.404699823477130781e-06
4.420000000000000101e-04,-4.317299903959792844e-06
4.425000000000000222e-04,-4.633199926047382076e-06
4.429999999999999802e-04,-4.106699905150890422e-06
4.434999999999999923e-04,-4.001399861408572009e-06
4.440000000000000045e-04,-4.352399878371216230e-06
4.445000000000000166e-04,-4.317299869853741019e-06
4.449999999999999746e-04,-4.001399915978254590e-06
4.454999999999999867e-04,-3.931199910311988957e-06
4.459999999999999989e-04,-3.509999883135606120e-06
4.465000000000000110e-04,-3.860999884182092569e-06
4.470000000000000232e-04,-5.300099830947147052e-06
4.474999999999999811e-04,-5.826599847296165298e-06
4.479999999999999933e-04,-3.931199862563516911e-06
4.485000000000000054e-04,-1.614599937056482329e-06
4.490000000000000176e-04,-7.370999696831859606e-07
4.494999999999999755e-04,-1.017900017359352230e-06
4.499999999999999877e-04,-1.544399913200322856e-06
4.504999999999999998e-04,-7.370999924205534202e-07
4.510000000000000120e-04,4.913999600830720483e-07
4.515000000000000241e-04,-1.052999982675828458e-07
4.519999999999999821e-04,-6.318000146166014231e-07
4.524999999999999942e-04,1.403999979174841420e-06
4.530000000000000064e-04,2.667599933374731353e-06
4.535000000000000185e-04,1.719899958061432648e-06
4.539999999999999765e-04,8.072999844443984076e-07
4.544999999999999886e-04,2.562299937380885409e-06
4.550000000000000008e-04,4.913999853215500513e-06
4.555000000000000130e-04,5.686199829142424346e-06
4.560000000000000251e-04,6.037199857473751661e-06
4.564999999999999830e-04,6.739199818639463047e-06
4.569999999999999952e-04,7.651799814993864111e-06
4.575000000000000074e-04,8.283599804599361689e-06
4.580000000000000195e-04,8.845199745337595842e-06
4.584999999999999775e-04,8.599499785759690256e-06
4.589999999999999896e-04,7.616699761001654829e-06
4.595000000000000018e-04,6.633899749886040470e-06
4.600000000000000139e-04,5.826599835927481356e-06
4.605000000000000261e-04,6.353099788611871055e-06
4.609999999999999840e-04,6.739199811818252512e-06
4.614999999999999962e-04,6.037199773345491510e-06
4.620000000000000083e-04,6.353099850002763323e-06
4.625000000000000205e-04,8.248499775618255722e-06
4.629999999999999784e-04,8.950499741331440515e-06
4.634999999999999906e-04,7.546499823547491998e-06
4.640000000000000027e-04,7.090199840149580675e-06
4.645000000000000149e-04,9.231299725342977813e-06
4.650000000000000270e-04,9.371699754865402707e-06
4.654999999999999850e-04,6.142499798897915448e-06
4.659999999999999971e-04,2.807999917422421327e-06
4.665000000000000093e-04,3.159000175401160896e-07
4.670000000000000214e-04,-1.649699972858797983e-06
4.674999999999999794e-04,-3.825899862022197136e-06
4.679999999999999915e-04,-3.931199876205937132e-06
4.685000000000000037e-04,-1.579499985382426615e-06
4.690000000000000158e-04,5.616000203190196263e-07
4.694999999999999738e-04,-1.404000015554629525e-06
4.699999999999999859e-04,-4.843799847549234881e-06
4.704999999999999981e-04,-5.440499837732204062e-06
4.710000000000000102e-04,-4.071599923918256502e-06
4.715000000000000224e-04,-5.194799834953300684e-06
4.719999999999999803e-04,-7.897499808677820675e-06
4.724999999999999925e-04,-7.125299812287266933e-06
4.730000000000000046e-04,-3.860999891003303103e-06
4.735000000000000168e-04,-4.036499906305834477e-06
4.739999999999999747e-04,-8.178299672181311411e-06
4.744999999999999869e-04,-1.028429971938749077e-05
4.749999999999999990e-04,-8.704799759016168740e-06
4.755000000000000112e-04,-8.353799794349469973e-06
4.760000000000000234e-04,-9.301499787852662306e-06
4.764999999999999813e-04,-7.862399791065399497e-06
4.769999999999999934e-04,-6.317999791463080633e-06
4.775000000000000056e-04,-7.335899838381010645e-06
4.780000000000000178e-04,-8.423999775004631442e-06
4.784999999999999757e-04,-6.317999843759026086e-06
4.789999999999999879e-04,-3.158999898005277020e-06
4.795000000000000000e-04,-2.456999934565828931e-06
4.800000000000000122e-04,-4.738499926588701851e-06
4.805000000000000243e-04,-5.159699844625719950e-06
4.809999999999999823e-04,-2.176199934638134284e-06
4.814999999999999944e-04,4.563000220514368202e-07
4.820000000000000066e-04,-3.158999834340647943e-07
4.825000000000000187e-04,-3.861000004690140507e-07
4.829999999999999767e-04,1.439099960407474916e-06
4.834999999999999888e-04,2.211299952250555886e-06
4.840000000000000010e-04,2.386799949363194055e-06
4.845000000000000131e-04,4.106699884687259666e-06
4.850000000000000253e-04,6.879599809508363556e-06
4.854999999999999832e-04,7.230599826471006930e-06
4.859999999999999954e-04,6.002099871693644334e-06
4.865000000000000075e-04,5.545799824631103615e-06
4.870000000000000197e-04,6.879599770854838324e-06
4.874999999999999776e-04,6.598799834591773072e-06
4.879999999999999898e-04,4.492799898798694309e-06
4.885000000000000019e-04,2.632499936225940507e-06
4.889999999999999599e-04,3.264299919010227127e-06
4.895000000000000262e-04,4.317299940339580949e-06
4.899999999999999842e-04,5.756399857546057014e-06
4.905000000000000505e-04,6.353099804528028404e-06
4.910000000000000085e-04,6.037199846105067720e-06
4.914999999999999664e-04,5.019299858304293695e-06
4.920000000000000328e-04,3.931199848921096689e-06
4.924999999999999907e-04,3.685499932544189319e-06
4.929999999999999487e-04,3.123899894035275640e-06
4.935000000000000150e-04,7.722000009380281014e-07
4.939999999999999730e-04,-1.614599975710007138e-06
4.945000000000000394e-04,-1.579499949002638510e-06
4.949999999999999973e-04,-1.158299978669674534e-06
4.954999999999999552e-04,-2.492099970368144585e-06
4.960000000000000216e-04,-3.931199871658463725e-06
4.964999999999999795e-04,-3.264299912189017016e-06
4.970000000000000459e-04,-4.247099900567263492e-06
4.975000000000000039e-04,-7.230599815102322988e-06
4.979999999999999618e-04,-8.669699741403747562e-06
4.985000000000000282e-04,-7.230599728700326557e-06
4.989999999999999861e-04,-6.598799770927143677e-06
4.995000000000000525e-04,-8.143199784171883609e-06
